Date,Ward 1 AQI,Ward 2 AQI,Ward 3 AQI,Ward 4 AQI,Ward 5 AQI,Ward 6 AQI,Ward 7 AQI,Ward 8 AQI
2022-05-14 20:00:00,,,11,,,,,
2022-05-15 20:00:00,,,11,,,,,
2022-05-16 20:00:00,,,13,,,,,
2022-05-17 20:00:00,,,10,,,,,
2022-05-18 20:00:00,,,22,,,,,
2022-05-19 20:00:00,,,27,,,,,
2022-05-20 20:00:00,,,26,,,,,
2022-05-21 20:00:00,,,17,,,,,
2022-05-22 20:00:00,,,12,,,,,
2022-05-23 20:00:00,,,13,,,,,
2022-05-24 20:00:00,,,26,,,,,
2022-05-25 20:00:00,,,14,,,,,
2022-05-26 20:00:00,,,9,,,,,
2022-05-27 20:00:00,,,5,,,,,
2022-05-28 20:00:00,,,9,,,,,
2022-05-29 20:00:00,,,39,,,,,
2022-05-30 20:00:00,,,30,,,,,
2022-05-31 20:00:00,,,28,,,,,
2022-06-01 20:00:00,,,25,,,,,
2022-06-02 20:00:00,,,25,,,,,
2022-06-03 20:00:00,,,10,,,,,
2022-06-04 20:00:00,,,6,,,,,
2022-06-05 20:00:00,,,4,,,,,
2022-06-06 20:00:00,,,10,,,,,
2022-06-07 20:00:00,,,18,,,,,
2022-06-08 20:00:00,,,10,,,,,
2022-06-09 20:00:00,,,5,,,,,
2022-06-10 20:00:00,,,18,,,,,
2022-06-11 20:00:00,,,24,,,,,
2022-06-12 20:00:00,,,21,,,,,
2022-06-13 20:00:00,,,25,,,,,
2022-06-14 20:00:00,,,23,,55,,,
2022-06-15 20:00:00,,,28,,49,,,
2022-06-16 20:00:00,,,21,,43,,,
2022-06-17 20:00:00,,,14,,18,,,
2022-06-18 20:00:00,,,7,,12,,,
2022-06-19 20:00:00,,,11,,23,,,
2022-06-20 20:00:00,,,8,,29,,,
2022-06-21 20:00:00,,,21,,63,,,
2022-06-22 20:00:00,,,10,,31,,,
2022-06-23 20:00:00,,,8,,44,,,
2022-06-24 20:00:00,,,15,,54,,,
2022-06-25 20:00:00,,,14,,43,,,
2022-06-26 20:00:00,,,23,,55,,,
2022-06-27 20:00:00,,,7,,16,,,
2022-06-28 20:00:00,,,7,,38,,,
2022-06-29 20:00:00,,,22,,60,,,
2022-06-30 20:00:00,,,22,,72,,,
2022-07-01 20:00:00,,,9,,45,,,
2022-07-02 20:00:00,,,16,,48,,,
2022-07-03 20:00:00,,,13,,61,,,
2022-07-04 20:00:00,,,45,,89,,,
2022-07-05 20:00:00,,,17,,44,,,
2022-07-06 20:00:00,,,16,,61,,,
2022-07-07 20:00:00,,,43,,60,,,
2022-07-08 20:00:00,,,22,,60,,,
2022-07-09 20:00:00,,,19,,62,,,
2022-07-10 20:00:00,,,14,,65,,,
2022-07-11 20:00:00,,,10,,55,,,
2022-07-12 20:00:00,,,14,,57,,,
2022-07-13 20:00:00,,,19,,59,,,
2022-07-14 20:00:00,,,25,,70,,,
2022-07-15 20:00:00,,,29,,75,,,
2022-07-16 20:00:00,,,19,,76,,,
2022-07-17 20:00:00,,,22,,62,,,
2022-07-18 20:00:00,,,15,,59,,,
2022-07-19 20:00:00,,,15,,68,,,
2022-07-20 20:00:00,,,21,,72,,,
2022-07-21 20:00:00,,,16,,75,,,
2022-07-22 20:00:00,,,22,,82,,,
2022-07-23 20:00:00,,,11,,67,,,
2022-07-24 20:00:00,,,28,,72,,,
2022-07-25 20:00:00,,,12,,54,,,
2022-07-26 20:00:00,,,17,,72,,,
2022-07-27 20:00:00,,,41,,60,,,
2022-07-28 20:00:00,,,17,,60,,,
2022-07-29 20:00:00,,,19,,50,,,
2022-07-30 20:00:00,,,38,,57,,,
2022-07-31 20:00:00,,,42,,59,,,
2022-08-01 20:00:00,,,35,,53,,,
2022-08-02 20:00:00,,,46,,57,,,
2022-08-03 20:00:00,,,54,,74,,,
2022-08-04 20:00:00,,,37,,59,,,
2022-08-05 20:00:00,,,20,,39,,,
2022-08-06 20:00:00,,,17,,28,,,
2022-08-07 20:00:00,,,23,,37,,,
2022-08-08 20:00:00,,,10,,55,,,
2022-08-09 20:00:00,,,14,,54,,,
2022-08-10 20:00:00,,,8,,39,,,
2022-08-11 20:00:00,,,9,,33,,,
2022-08-12 20:00:00,,,3,,22,,,
2022-08-13 20:00:00,,,4,,36,,,
2022-08-14 20:00:00,,,7,,43,,,
2022-08-15 20:00:00,,,11,,37,,,
2022-08-16 20:00:00,,,12,,51,,,
2022-08-17 20:00:00,,,19,,56,,,
2022-08-18 20:00:00,,,17,,65,,,
2022-08-19 20:00:00,,,23,,59,,,
2022-08-20 20:00:00,,,10,,35,,,
2022-08-21 20:00:00,,,16,,55,,,
2022-08-22 20:00:00,,,9,,47,,,
2022-08-23 20:00:00,,,20,,59,,,
2022-08-24 20:00:00,,,22,,78,,,
2022-08-25 20:00:00,,,29,,80,,,
2022-08-26 20:00:00,,,29,,75,,,
2022-08-27 20:00:00,,,58,,85,,,
2022-08-28 20:00:00,,,16,,63,,,
2022-08-29 20:00:00,,,9,,45,,,
2022-08-30 20:00:00,,,10,,41,,,
2022-08-31 20:00:00,,,14,,42,,,
2022-09-01 20:00:00,,,13,,40,,,
2022-09-02 20:00:00,,,14,,35,,,
2022-09-03 20:00:00,,,27,,56,,,
2022-09-04 20:00:00,,,23,,59,,,
2022-09-05 20:00:00,,,13,,30,,,
2022-09-06 20:00:00,,,9,,29,,,
2022-09-07 20:00:00,,,12,,45,,,
2022-09-08 20:00:00,,,10,,51,,,
2022-09-09 20:00:00,,,19,,50,,,
2022-09-10 20:00:00,,,21,,51,,,
2022-09-11 20:00:00,,,9,,49,,,
2022-09-12 20:00:00,,,9,,35,,,
2022-09-13 20:00:00,,,12,,36,,,
2022-09-14 20:00:00,,,23,,58,,,
2022-09-15 20:00:00,,,16,,53,,,
2022-09-16 20:00:00,,,20,,80,,,
2022-09-17 20:00:00,,,22,,57,,,
2022-09-18 20:00:00,,,19,,78,,,
2022-09-19 20:00:00,,,20,,63,,,
2022-09-20 20:00:00,,,24,,68,,,
2022-09-21 20:00:00,,,21,,64,,,
2022-09-22 20:00:00,,,8,,6,,,
2022-09-23 20:00:00,,,16,,19,,,
2022-09-24 20:00:00,,,16,,55,,,
2022-09-25 20:00:00,,,9,,38,,,
2022-09-26 20:00:00,,,5,,19,,,
2022-09-27 20:00:00,,,6,,18,,,
2022-09-28 20:00:00,,,9,,20,,,
2022-09-29 20:00:00,,,3,,22,,,
2022-09-30 20:00:00,,,8,,36,,,
2022-10-01 20:00:00,,,12,,21,,,
2022-10-02 20:00:00,,,3,,16,,,
2022-10-03 20:00:00,,,7,,10,,,
2022-10-04 20:00:00,,,5,,10,,,
2022-10-05 20:00:00,,,2,,24,,,
2022-10-06 20:00:00,,,14,,66,,,
2022-10-07 20:00:00,,,5,,20,,,
2022-10-08 20:00:00,,,4,,52,,,
2022-10-09 20:00:00,,,19,,65,,,
2022-10-10 20:00:00,,,23,,61,,,
2022-10-11 20:00:00,,,19,,66,,,
2022-10-12 20:00:00,,,12,,59,,,
2022-10-13 20:00:00,,,17,,45,,,
2022-10-14 20:00:00,,,20,,72,,,
2022-10-15 20:00:00,,,18,,69,,,
2022-10-16 20:00:00,,,8,,55,,,
2022-10-17 20:00:00,,,24,,18,,,
2022-10-18 20:00:00,,,3,,17,,,
2022-10-19 20:00:00,,,3,,26,,,
2022-10-20 20:00:00,,,6,,56,,,
2022-10-21 20:00:00,,,14,,79,,,
2022-10-22 20:00:00,,,14,,72,,,
2022-10-23 20:00:00,,,11,,56,,,
2022-10-24 20:00:00,,,10,,89,,,
2022-10-25 20:00:00,,,7,,58,,,
2022-10-26 20:00:00,,,3,,16,,,
2022-10-27 20:00:00,,,6,,18,,,
2022-10-28 20:00:00,,,5,,30,,,
2022-10-29 20:00:00,,,9,,84,,,
2022-10-30 20:00:00,,,6,,68,,,
2022-10-31 20:00:00,,,11,,72,,,
2022-11-01 20:00:00,,,13,,62,,,
2022-11-02 20:00:00,,,14,,77,,,
2022-11-03 20:00:00,,,6,,63,,,
2022-11-04 20:00:00,,,2,,29,,,
2022-11-05 20:00:00,,,2,,25,,,
2022-11-06 19:00:00,,,5,,29,,,
2022-11-07 19:00:00,,,2,,16,,,
2022-11-08 19:00:00,,,3,,20,,,
2022-11-09 19:00:00,,,6,,46,,,
2022-11-10 19:00:00,,,12,,31,,,
2022-11-11 19:00:00,,,13,,52,,,
2022-11-12 19:00:00,,,22,,27,,,
2022-11-13 19:00:00,,,2,,22,,,
2022-11-14 19:00:00,,,6,,62,,,
2022-11-15 19:00:00,,,22,,64,,,
2022-11-16 19:00:00,,,34,,44,,,
2022-11-17 19:00:00,,,24,,57,,,
2022-11-18 19:00:00,,,27,,49,,,
2022-11-19 19:00:00,,,14,,45,,,
2022-11-20 19:00:00,,,6,,53,,,
2022-11-21 19:00:00,,,9,,57,,,
2022-11-22 19:00:00,,,24,,76,,,
2022-11-23 19:00:00,,,33,,118,,,
2022-11-24 19:00:00,,,20,,71,,,
2022-11-25 19:00:00,,,5,,47,,,
2022-11-26 19:00:00,,,24,,75,,,
2022-11-27 19:00:00,,,16,,39,,,
2022-11-28 19:00:00,,,15,,54,,,
2022-11-29 19:00:00,,,19,,44,,,
2022-11-30 19:00:00,,,6,,25,,,
2022-12-01 19:00:00,,,15,,73,,,
2022-12-02 19:00:00,,,31,,51,,,
2022-12-03 19:00:00,,,6,,53,,,
2022-12-04 19:00:00,,,6,,124,,,
2022-12-05 19:00:00,,,12,,92,,,
2022-12-06 19:00:00,,,16,,93,,,
2022-12-07 19:00:00,,,6,,61,,,
2022-12-08 19:00:00,,,3,,40,,,
2022-12-09 19:00:00,,,24,,63,,,
2022-12-10 19:00:00,,,5,,59,,,
2022-12-11 19:00:00,,,7,,64,,,
2022-12-12 19:00:00,,,2,,45,,,
2022-12-13 19:00:00,,,11,,60,,,
2022-12-14 19:00:00,,,8,,55,,,
2022-12-15 19:00:00,,,3,,22,,,
2022-12-16 19:00:00,,,8,,42,,,
2022-12-17 19:00:00,,,2,,43,,,
2022-12-18 19:00:00,,,9,,39,,,
2022-12-19 19:00:00,,,3,,65,,,
2022-12-20 19:00:00,,,8,,77,,,
2022-12-21 19:00:00,,,15,,66,,,
2022-12-22 19:00:00,,,3,,17,,,
2022-12-23 19:00:00,,,6,,18,,,
2022-12-24 19:00:00,,,22,,64,,,
2022-12-25 19:00:00,,,12,,42,,,
2022-12-26 19:00:00,,,25,,63,,,
2022-12-27 19:00:00,,,19,,74,,,
2022-12-28 19:00:00,,,11,,98,,,
2022-12-29 19:00:00,,,22,,106,,,
2022-12-30 19:00:00,,,17,,80,,,
2022-12-31 19:00:00,,,20,,54,,,
2023-01-01 19:00:00,,,24,,81,,,
2023-01-02 19:00:00,,,35,,74,,,
2023-01-03 19:00:00,,,39,,52,,,
2023-01-04 19:00:00,,,13,,30,,,
2023-01-05 19:00:00,,,5,,29,,,
2023-01-06 19:00:00,,,14,,48,,,
2023-01-07 19:00:00,,,6,,58,,,
2023-01-08 19:00:00,,,5,,68,,,
2023-01-09 19:00:00,,,3,,67,,,
2023-01-10 19:00:00,,,21,,107,,,
2023-01-11 19:00:00,46,,24,,88,,,
2023-01-12 19:00:00,30,,9,,52,,,
2023-01-13 19:00:00,17,,16,,27,,,
2023-01-14 19:00:00,25,,7,,28,,,
2023-01-15 19:00:00,14,,24,,35,,,
2023-01-16 19:00:00,24,,13,,75,,,
2023-01-17 19:00:00,31,,15,,73,,,
2023-01-18 19:00:00,19,,15,,65,,,
2023-01-19 19:00:00,20,,2,,48,,,
2023-01-20 19:00:00,23,,4,,18,,,
2023-01-21 19:00:00,35,,4,,75,,,
2023-01-22 19:00:00,6,,7,,33,,,
2023-01-23 19:00:00,27,,11,,45,,,
2023-01-24 19:00:00,24,,10,,78,,,
2023-01-25 19:00:00,19,,7,,51,,,
2023-01-26 19:00:00,17,,4,,30,,,
2023-01-27 19:00:00,17,,16,,35,,,
2023-01-28 19:00:00,31,,10,,60,,,
2023-01-29 19:00:00,28,,13,,71,,,
2023-01-30 19:00:00,18,,13,,60,,,
2023-01-31 19:00:00,13,,11,,75,,,
2023-02-01 19:00:00,22,,15,,88,,,
2023-02-02 19:00:00,26,,5,,55,,,
2023-02-03 19:00:00,9,,7,,12,,,
2023-02-04 19:00:00,10,,4,,34,,,
2023-02-05 19:00:00,15,,12,,54,,,
2023-02-06 19:00:00,18,,14,,92,,,
2023-02-07 19:00:00,25,,31,,77,,,
2023-02-08 19:00:00,37,,24,,83,,,
2023-02-09 19:00:00,23,,14,,35,,,
2023-02-10 19:00:00,63,,8,,37,,,
2023-02-11 19:00:00,16,,12,,63,,,
2023-02-12 19:00:00,11,,12,,47,,,
2023-02-13 19:00:00,5,,9,,38,,,
2023-02-14 19:00:00,9,,9,,32,,,6
2023-02-15 19:00:00,18,,22,,62,,,38
2023-02-16 19:00:00,33,,23,,70,,,55
2023-02-17 19:00:00,11,,1,,24,,,3
2023-02-18 19:00:00,18,,5,,43,,,9
2023-02-19 19:00:00,9,,39,,38,,,10
2023-02-20 19:00:00,15,,12,,53,,,22
2023-02-21 19:00:00,7,,3,,17,,,0
2023-02-22 19:00:00,12,,6,,67,,,14
2023-02-23 19:00:00,8,,2,,28,,,22
2023-02-24 19:00:00,4,,7,,33,,,20
2023-02-25 19:00:00,13,,22,,81,,,61
2023-02-26 19:00:00,29,,23,,62,,,33
2023-02-27 19:00:00,16,,11,,68,,,61
2023-02-28 19:00:00,10,,57,,70,,,56
2023-03-01 19:00:00,15,,22,,59,,,
2023-03-02 19:00:00,19,,25,,55,,,
2023-03-03 19:00:00,5,,8,,13,,,0
2023-03-04 19:00:00,25,,8,,44,,,3
2023-03-05 19:00:00,26,,11,,55,,,
2023-03-06 19:00:00,13,,13,,37,,,0
2023-03-07 19:00:00,5,,2,,8,,,
2023-03-08 19:00:00,7,,2,,15,,,
2023-03-09 19:00:00,7,,7,,54,,,55
2023-03-10 19:00:00,7,,31,,29,,,0
2023-03-11 19:00:00,10,,28,,47,,,23
2023-03-12 20:00:00,8,,22,,74,,,56
2023-03-13 20:00:00,7,,6,,27,,,8
2023-03-14 20:00:00,5,,5,,16,,,1
2023-03-15 20:00:00,4,,4,,15,,,2
2023-03-16 20:00:00,54,,29,,93,,,87
2023-03-17 20:00:00,19,,11,,41,,,
2023-03-18 20:00:00,7,,26,,19,,,0
2023-03-19 20:00:00,8,,10,,36,,,21
2023-03-20 20:00:00,29,,13,,66,,,19
2023-03-21 20:00:00,17,,19,,46,,,5
2023-03-22 20:00:00,56,,30,,90,,,
2023-03-23 20:00:00,22,,11,,49,,,1
2023-03-24 20:00:00,7,,10,,52,,,23
2023-03-25 20:00:00,8,,14,,52,,,26
2023-03-26 20:00:00,20,,15,,63,,,115
2023-03-27 20:00:00,19,,14,,54,,,6
2023-03-28 20:00:00,12,,5,,36,,,7
2023-03-29 20:00:00,11,,5,,35,,,
2023-03-30 20:00:00,12,,7,,53,,,17
2023-03-31 20:00:00,29,,27,,46,,,22
2023-04-01 20:00:00,27,,16,,12,,,0
2023-04-02 20:00:00,16,,8,,52,,,
2023-04-03 20:00:00,27,,12,,51,,,20
2023-04-04 20:00:00,44,,16,,66,,,48
2023-04-05 20:00:00,60,,17,,62,,,53
2023-04-06 20:00:00,42,,6,,21,,,1
2023-04-07 20:00:00,16,,12,,39,,,7
2023-04-08 20:00:00,12,,16,,57,,,18
2023-04-09 20:00:00,10,,14,,35,,,8
2023-04-10 20:00:00,37,,8,,32,,,5
2023-04-11 20:00:00,34,,33,,52,,,25
2023-04-12 20:00:00,57,,7,,60,,,45
2023-04-13 20:00:00,58,,23,,73,,,59
2023-04-14 20:00:00,47,,6,,39,,,11
2023-04-15 20:00:00,40,,12,,58,,,24
2023-04-16 20:00:00,63,,18,,37,,,18
2023-04-17 20:00:00,17,,5,,19,,,1
2023-04-18 20:00:00,19,,17,,42,,,13
2023-04-19 20:00:00,34,,15,,62,,,41
2023-04-20 20:00:00,56,,29,,81,,,65
2023-04-21 20:00:00,69,,52,,78,,,63
2023-04-22 20:00:00,33,,7,,33,,,8
2023-04-23 20:00:00,23,,17,,28,,,4
2023-04-24 20:00:00,27,,15,,40,,,14
2023-04-25 20:00:00,22,,21,,65,,,37
2023-04-26 20:00:00,31,,36,,71,,,50
2023-04-27 20:00:00,12,,14,,51,,,20
2023-04-28 20:00:00,6,,6,,22,,,6
2023-04-29 20:00:00,21,,20,,49,,,17
2023-04-30 20:00:00,10,,7,,16,,,1
2023-05-01 20:00:00,14,,1,,11,,,0
2023-05-02 20:00:00,7,,17,,6,,,0
2023-05-03 20:00:00,10,,1,,5,,,0
2023-05-04 20:00:00,20,,2,4,12,,,1
2023-05-05 20:00:00,16,,6,28,47,,,17
2023-05-06 20:00:00,25,,15,44,56,,,24
2023-05-07 20:00:00,57,,25,65,75,,,65
2023-05-08 20:00:00,25,,21,36,46,,,15
2023-05-09 20:00:00,21,,13,34,45,,,22
2023-05-10 20:00:00,31,,11,57,70,,,40
2023-05-11 20:00:00,53,,29,74,81,,,63
2023-05-12 20:00:00,62,,53,81,87,,,73
2023-05-13 20:00:00,56,,21,58,64,,,53
2023-05-14 20:00:00,28,,12,33,41,,,15
2023-05-15 20:00:00,48,,16,54,68,,,45
2023-05-16 20:00:00,47,,18,45,53,,,26
2023-05-17 20:00:00,16,,8,23,35,,,5
2023-05-18 20:00:00,17,,5,25,30,,,6
2023-05-19 20:00:00,85,,8,33,38,,,17
2023-05-20 20:00:00,83,,22,69,73,,,61
2023-05-21 20:00:00,59,,31,68,75,,,62
2023-05-22 20:00:00,70,,44,85,90,,,79
2023-05-23 20:00:00,49,,22,63,68,,,52
2023-05-24 20:00:00,39,,36,46,52,,,30
2023-05-25 20:00:00,13,,6,27,33,,,8
2023-05-26 20:00:00,16,,8,22,37,,,7
2023-05-27 20:00:00,18,,6,22,31,,,5
2023-05-28 20:00:00,16,,6,27,39,,,5
2023-05-29 20:00:00,51,,61,76,79,,,64
2023-05-30 20:00:00,75,,53,99,103,,,93
2023-05-31 20:00:00,82,,60,111,118,,,103
2023-06-01 20:00:00,108,,93,126,144,,,135
2023-06-02 20:00:00,69,,64,81,86,,,72
2023-06-03 20:00:00,36,,31,51,55,,,29
2023-06-04 20:00:00,40,,26,48,54,,,34
2023-06-05 20:00:00,86,,60,93,96,,,85
2023-06-06 20:00:00,169,,153,180,181,,,175
2023-06-07 20:00:00,176,,168,217,228,,,210
2023-06-08 20:00:00,119,,99,131,137,,,125
2023-06-09 20:00:00,73,,60,89,93,,,82
2023-06-10 20:00:00,90,,45,110,129,,,101
2023-06-11 20:00:00,76,,34,87,90,,,80
2023-06-12 20:00:00,26,,14,45,52,,,23
2023-06-13 20:00:00,39,,33,56,62,,,45
2023-06-14 20:00:00,22,,12,34,40,,,15
2023-06-15 20:00:00,55,,21,71,76,,,62
2023-06-16 20:00:00,132,,47,105,105,,,96
2023-06-17 20:00:00,179,,55,98,102,,,94
2023-06-18 20:00:00,87,,51,106,109,,,99
2023-06-19 20:00:00,92,,60,102,103,,,92
2023-06-20 20:00:00,36,,22,43,46,,,24
2023-06-21 20:00:00,7,,7,14,15,,,0
2023-06-22 20:00:00,14,,13,34,37,,,14
2023-06-23 20:00:00,31,,30,46,54,,,27
2023-06-24 20:00:00,42,,11,27,36,,,11
2023-06-25 20:00:00,68,,29,73,79,,,65
2023-06-26 20:00:00,48,,11,36,44,,,17
2023-06-27 20:00:00,92,,47,110,111,,,98
2023-06-28 20:00:00,163,,80,176,176,,177,168
2023-06-29 20:00:00,153,,59,154,158,,156,151
2023-06-30 20:00:00,122,,62,136,140,,141,123
2023-07-01 20:00:00,67,,29,78,84,,76,69
2023-07-02 20:00:00,66,,19,64,70,,63,57
2023-07-03 20:00:00,48,,6,37,54,,39,24
2023-07-04 20:00:00,93,,30,86,87,,107,94
2023-07-05 20:00:00,58,,14,66,86,,77,63
2023-07-06 20:00:00,72,,15,78,91,,75,68
2023-07-07 20:00:00,70,,15,74,80,,75,70
2023-07-08 20:00:00,62,,6,62,66,,59,58
2023-07-09 20:00:00,39,,5,36,44,,35,18
2023-07-10 20:00:00,60,,7,56,61,,59,38
2023-07-11 20:00:00,66,,10,64,72,,64,64
2023-07-12 20:00:00,78,,9,80,88,,74,74
2023-07-13 20:00:00,51,,9,34,40,,29,14
2023-07-14 20:00:00,53,,7,57,62,,55,51
2023-07-15 20:00:00,41,,6,43,52,,38,20
2023-07-16 20:00:00,96,,25,70,124,,117,104
2023-07-17 20:00:00,128,,27,114,138,,133,123
2023-07-18 20:00:00,85,,13,91,93,,91,80
2023-07-19 20:00:00,83,,9,91,95,,90,84
2023-07-20 20:00:00,56,,5,56,59,,56,46
2023-07-21 20:00:00,39,,5,43,52,,42,23
2023-07-22 20:00:00,52,,6,57,72,,58,42
2023-07-23 20:00:00,62,,4,52,58,,50,33
2023-07-24 20:00:00,72,,4,60,65,,56,45
2023-07-25 20:00:00,74,,8,71,77,,66,57
2023-07-26 20:00:00,83,,10,86,92,,82,78
2023-07-27 20:00:00,73,,7,71,80,,75,74
2023-07-28 20:00:00,51,,12,54,57,,52,32
2023-07-29 20:00:00,31,,12,18,25,,18,2
2023-07-30 20:00:00,55,,19,40,50,,36,20
2023-07-31 20:00:00,47,,25,47,52,,51,25
2023-08-01 20:00:00,56,,31,57,60,,56,43
2023-08-02 20:00:00,76,,31,58,63,,55,36
2023-08-03 20:00:00,109,,56,123,85,,77,68
2023-08-04 20:00:00,151,,41,72,75,,66,59
2023-08-05 20:00:00,186,,59,87,93,,84,77
2023-08-06 20:00:00,83,,43,64,71,,64,56
2023-08-07 20:00:00,30,,20,42,48,,39,21
2023-08-08 20:00:00,53,,34,56,63,,56,37
2023-08-09 20:00:00,59,,48,70,76,,66,59
2023-08-10 20:00:00,59,,35,65,69,,63,54
2023-08-11 20:00:00,72,,49,81,103,,77,71
2023-08-12 20:00:00,59,,4,48,55,,45,33
2023-08-13 20:00:00,47,,2,51,59,,44,33
2023-08-14 20:00:00,37,,8,45,53,,41,23
2023-08-15 20:00:00,31,,0,27,23,,24,10
2023-08-16 20:00:00,38,,5,41,62,,46,28
2023-08-17 20:00:00,54,,8,53,57,,50,32
2023-08-18 20:00:00,73,,14,73,76,,73,64
2023-08-19 20:00:00,74,,5,85,91,,83,73
2023-08-20 20:00:00,81,,10,88,91,,85,80
2023-08-21 20:00:00,79,,12,79,83,,77,69
2023-08-22 20:00:00,44,,5,54,60,,58,42
2023-08-23 20:00:00,92,,3,52,59,,50,28
2023-08-24 20:00:00,137,,4,58,63,,55,41
2023-08-25 20:00:00,47,,3,53,57,,53,39
2023-08-26 20:00:00,58,,8,61,65,,58,50
2023-08-27 20:00:00,56,,6,56,61,,52,36
2023-08-28 20:00:00,27,,3,35,41,,29,13
2023-08-29 20:00:00,45,,3,53,55,,47,31
2023-08-30 20:00:00,27,,4,13,18,,15,3
2023-08-31 20:00:00,26,,2,14,19,,16,1
2023-09-01 20:00:00,21,,4,29,37,,29,7
2023-09-02 20:00:00,54,,8,53,58,,51,33
2023-09-03 20:00:00,63,,6,61,70,,63,62
2023-09-04 20:00:00,57,,8,56,65,,53,41
2023-09-05 20:00:00,66,,8,68,75,,71,62
2023-09-06 20:00:00,87,,11,86,93,,81,80
2023-09-07 20:00:00,78,,7,67,72,,67,62
2023-09-08 20:00:00,51,,8,55,62,,58,39
2023-09-09 20:00:00,24,,0,32,38,,30,6
2023-09-10 20:00:00,32,,1,33,42,,32,14
2023-09-11 20:00:00,46,,3,49,55,,50,27
2023-09-12 20:00:00,44,,2,42,44,,35,17
2023-09-13 20:00:00,29,,2,25,37,,25,5
2023-09-14 20:00:00,29,,2,26,31,,26,6
2023-09-15 20:00:00,40,,2,32,37,,39,11
2023-09-16 20:00:00,56,,4,68,76,,69,48
2023-09-17 20:00:00,47,,2,40,46,,37,17
2023-09-18 20:00:00,68,,2,49,53,,46,24
2023-09-19 20:00:00,40,,1,45,53,,52,32
2023-09-20 20:00:00,52,,5,60,66,,59,49
2023-09-21 20:00:00,35,,3,44,54,,48,23
2023-09-22 20:00:00,69,,1,16,20,,15,3
2023-09-23 20:00:00,17,,5,7,10,,5,0
2023-09-24 20:00:00,13,,1,7,9,,6,1
2023-09-25 20:00:00,29,,9,51,55,,53,35
2023-09-26 20:00:00,39,,6,58,60,,59,42
2023-09-27 20:00:00,43,,5,51,53,,52,24
2023-09-28 20:00:00,47,,8,47,51,,46,26
2023-09-29 20:00:00,21,,1,29,29,,25,10
2023-09-30 20:00:00,43,,10,51,52,,51,24
2023-10-01 20:00:00,41,,3,51,54,,58,31
2023-10-02 20:00:00,55,,4,64,69,,65,62
2023-10-03 20:00:00,78,,9,74,78,,71,62
2023-10-04 20:00:00,48,,4,56,56,,54,30
2023-10-05 20:00:00,23,,1,42,37,,28,11
2023-10-06 20:00:00,31,,1,31,34,,25,12
2023-10-07 20:00:00,28,,3,8,12,,8,0
2023-10-08 20:00:00,37,,2,15,20,,13,1
2023-10-09 20:00:00,12,,2,21,28,,19,4
2023-10-10 20:00:00,18,,3,40,49,,48,24
2023-10-11 20:00:00,19,,1,41,51,,47,22
2023-10-12 20:00:00,67,,2,40,51,,51,24
2023-10-13 20:00:00,60,,7,60,64,,52,25
2023-10-14 20:00:00,10,,5,7,9,,6,2
2023-10-15 20:00:00,6,,0,9,11,,7,1
2023-10-16 20:00:00,20,,0,12,15,,11,1
2023-10-17 20:00:00,27,,1,30,34,,35,10
2023-10-18 20:00:00,55,,5,59,61,,54,27
2023-10-19 20:00:00,66,,9,45,51,,33,20
2023-10-20 20:00:00,23,,1,32,33,,25,11
2023-10-21 20:00:00,32,,6,16,24,,18,6
2023-10-22 20:00:00,21,,1,12,15,,11,0
2023-10-23 20:00:00,20,,5,45,55,,52,22
2023-10-24 20:00:00,20,,5,48,56,,49,22
2023-10-25 20:00:00,30,,2,52,59,,49,29
2023-10-26 20:00:00,28,,8,58,63,,53,38
2023-10-27 20:00:00,36,,2,65,68,,60,55
2023-10-28 20:00:00,53,,9,74,79,,73,69
2023-10-29 20:00:00,29,,2,48,53,,38,29
2023-10-30 20:00:00,71,,2,11,15,,10,1
2023-10-31 20:00:00,19,,2,54,55,,54,21
2023-11-01 20:00:00,9,,1,28,33,,29,6
2023-11-02 20:00:00,53,,1,47,54,,42,21
2023-11-03 20:00:00,24,,3,58,67,,63,45
2023-11-04 20:00:00,59,,10,94,99,,92,78
2023-11-05 19:00:00,38,,15,71,76,,82,66
2023-11-06 19:00:00,63,,11,96,99,,89,86
2023-11-07 19:00:00,59,,0,25,30,,28,15
2023-11-08 19:00:00,34,71,3,58,60,,55,42
2023-11-09 19:00:00,23,24,9,30,36,,30,9
2023-11-10 19:00:00,14,56,3,62,59,,59,42
2023-11-11 19:00:00,26,60,7,66,70,,72,54
2023-11-12 19:00:00,42,71,5,82,82,,86,64
2023-11-13 19:00:00,15,45,3,52,56,,65,57
2023-11-14 19:00:00,21,52,8,57,61,,62,37
2023-11-15 19:00:00,28,57,18,61,66,,59,49
2023-11-16 19:00:00,38,65,27,71,80,,82,54
2023-11-17 19:00:00,16,35,11,41,45,,37,20
2023-11-18 19:00:00,27,29,5,27,29,,30,6
2023-11-19 19:00:00,40,45,11,56,57,,61,34
2023-11-20 19:00:00,8,28,11,38,40,,38,9
2023-11-21 19:00:00,119,19,4,25,26,,22,8
2023-11-22 19:00:00,12,11,3,20,23,,20,3
2023-11-23 19:00:00,35,70,17,90,84,,94,66
2023-11-24 19:00:00,16,28,11,33,36,,34,11
2023-11-25 19:00:00,23,63,17,73,77,,79,57
2023-11-26 19:00:00,27,45,28,55,53,,53,29
2023-11-27 19:00:00,63,36,9,42,42,,42,12
2023-11-28 19:00:00,92,52,0,47,49,,47,14
2023-11-29 19:00:00,54,56,1,56,62,,62,37
2023-11-30 19:00:00,37,65,2,76,78,,69,58
2023-12-01 19:00:00,30,101,1,120,116,,108,97
2023-12-02 19:00:00,90,66,3,76,74,,70,64
2023-12-03 19:00:00,59,39,1,53,55,,52,32
2023-12-04 19:00:00,47,40,0,54,54,,54,22
2023-12-05 19:00:00,11,65,0,71,69,,68,54
2023-12-06 19:00:00,14,42,1,45,48,,43,14
2023-12-07 19:00:00,22,58,4,70,69,,62,43
2023-12-08 19:00:00,35,83,12,100,98,,93,77
2023-12-09 19:00:00,46,64,14,80,83,,81,54
2023-12-10 19:00:00,22,14,2,16,18,,15,3
2023-12-11 19:00:00,10,30,3,43,43,,39,10
2023-12-12 19:00:00,13,41,2,55,52,,45,16
2023-12-13 19:00:00,9,38,1,45,42,,53,18
2023-12-14 19:00:00,34,49,3,53,55,,53,30
2023-12-15 19:00:00,53,54,,52,71,,71,55
2023-12-16 19:00:00,78,85,,104,85,,88,75
2023-12-17 19:00:00,120,5,,7,19,,5,2
2023-12-18 19:00:00,76,9,,6,9,,6,0
2023-12-19 19:00:00,10,30,6,45,56,24,37,6
2023-12-20 19:00:00,15,55,2,65,76,56,74,48
2023-12-21 19:00:00,20,84,13,89,,82,89,72
2023-12-22 19:00:00,11,58,18,64,68,59,63,46
2023-12-23 19:00:00,14,63,6,83,81,61,70,55
2023-12-24 19:00:00,20,72,15,93,107,78,78,70
2023-12-25 19:00:00,55,71,36,80,,70,74,58
2023-12-26 19:00:00,7,50,7,53,37,52,51,27
2023-12-27 19:00:00,5,29,39,37,28,28,30,16
2023-12-28 19:00:00,24,28,33,39,29,28,36,13
2023-12-29 19:00:00,16,14,7,16,18,15,17,1
2023-12-30 19:00:00,12,11,0,14,16,9,17,3
2023-12-31 19:00:00,21,48,16,67,59,52,69,43
2024-01-01 19:00:00,23,25,3,35,36,25,31,5
2024-01-02 19:00:00,16,47,9,55,57,46,57,23
2024-01-03 19:00:00,14,47,3,56,59,45,55,30
2024-01-04 19:00:00,17,28,1,34,36,28,32,10
2024-01-05 19:00:00,14,52,1,64,62,52,58,30
2024-01-06 19:00:00,21,62,2,66,66,60,67,52
2024-01-07 19:00:00,21,51,5,53,54,45,53,29
2024-01-08 19:00:00,11,45,2,57,52,40,51,22
2024-01-09 19:00:00,72,6,1,3,4,1,2,0
2024-01-10 19:00:00,11,24,2,26,27,16,20,2
2024-01-11 19:00:00,12,37,3,47,56,48,61,26
2024-01-12 19:00:00,33,13,3,16,19,8,12,1
2024-01-13 19:00:00,19,14,0,19,17,12,14,0
2024-01-14 19:00:00,11,28,7,35,29,27,23,3
2024-01-15 19:00:00,12,68,1,78,75,70,73,46
2024-01-16 19:00:00,16,43,8,34,42,30,36,4
2024-01-17 19:00:00,9,45,1,52,50,34,52,11
2024-01-18 19:00:00,13,84,5,100,94,82,93,65
2024-01-19 19:00:00,14,56,1,66,55,47,55,27
2024-01-20 19:00:00,12,40,0,34,36,29,36,6
2024-01-21 19:00:00,11,63,1,67,71,58,66,31
2024-01-22 19:00:00,19,70,2,84,83,71,78,53
2024-01-23 19:00:00,39,90,5,106,103,87,89,79
2024-01-24 19:00:00,25,84,8,103,107,85,93,71
2024-01-25 19:00:00,20,38,23,46,52,35,37,11
2024-01-26 19:00:00,13,40,6,54,54,36,45,17
2024-01-27 19:00:00,23,18,5,25,27,19,20,8
2024-01-28 19:00:00,4,12,3,13,16,12,11,2
2024-01-29 19:00:00,6,25,2,25,29,23,25,4
2024-01-30 19:00:00,6,46,10,52,53,46,47,18
2024-01-31 19:00:00,23,77,2,81,86,72,82,58
2024-02-01 19:00:00,147,34,2,46,54,34,44,19
2024-02-02 19:00:00,39,9,9,13,22,10,10,0
2024-02-03 19:00:00,21,49,11,54,66,52,65,34
2024-02-04 19:00:00,31,54,2,57,67,57,63,33
2024-02-05 19:00:00,11,41,0,46,53,44,49,17
2024-02-06 19:00:00,12,35,2,45,52,45,57,23
2024-02-07 19:00:00,13,48,4,62,62,43,56,22
2024-02-08 19:00:00,18,51,24,58,63,51,53,32
2024-02-09 19:00:00,54,73,13,89,91,77,86,71
2024-02-10 19:00:00,39,74,21,90,93,76,79,70
2024-02-11 19:00:00,31,97,15,110,107,97,100,90
2024-02-12 19:00:00,7,27,10,37,38,29,32,16
2024-02-13 19:00:00,74,24,3,30,35,25,29,9
2024-02-14 19:00:00,98,43,1,39,52,30,49,9
2024-02-15 19:00:00,21,40,1,25,32,18,28,6
2024-02-16 19:00:00,11,35,2,30,32,25,29,5
2024-02-17 19:00:00,8,74,3,45,49,40,47,15
2024-02-18 19:00:00,8,61,5,41,45,32,41,14
2024-02-19 19:00:00,17,71,4,75,79,72,76,57
2024-02-20 19:00:00,9,29,3,40,39,30,33,8
2024-02-21 19:00:00,11,21,1,27,32,21,23,5
2024-02-22 19:00:00,25,70,3,78,80,70,68,64
2024-02-23 19:00:00,24,62,14,68,72,63,66,58
2024-02-24 19:00:00,11,32,1,36,40,29,37,8
2024-02-25 19:00:00,60,28,5,39,47,29,34,10
2024-02-26 19:00:00,56,76,19,84,90,76,81,74
2024-02-27 19:00:00,56,63,17,74,79,64,66,60
2024-02-28 19:00:00,8,14,2,15,18,14,14,2
2024-02-29 19:00:00,20,18,13,20,27,18,24,3
2024-03-01 19:00:00,30,18,5,27,34,21,22,6
2024-03-02 19:00:00,18,41,6,54,61,49,55,39
2024-03-03 19:00:00,15,24,21,38,49,32,43,13
2024-03-04 19:00:00,2,5,7,8,12,5,7,0
2024-03-05 19:00:00,11,40,54,47,51,39,39,15
2024-03-06 19:00:00,6,31,2,35,37,31,31,21
2024-03-07 19:00:00,60,15,6,16,23,14,23,4
2024-03-08 19:00:00,7,16,11,18,20,15,13,1
2024-03-09 19:00:00,8,10,2,13,16,8,11,2
2024-03-10 20:00:00,14,1,1,2,4,1,2,0
2024-03-11 20:00:00,26,12,3,13,20,11,13,2
2024-03-12 20:00:00,15,36,11,34,55,44,54,37
2024-03-13 20:00:00,31,52,13,59,74,57,70,56
2024-03-14 20:00:00,84,44,6,47,61,55,54,54
2024-03-15 20:00:00,48,13,3,16,20,16,16,2
2024-03-16 20:00:00,15,19,10,24,35,22,28,10
2024-03-17 20:00:00,27,9,10,12,16,10,27,0
2024-03-18 20:00:00,8,10,0,11,16,10,13,1
2024-03-19 20:00:00,14,30,8,30,38,28,29,13
2024-03-20 20:00:00,7,78,11,8,12,9,8,1
2024-03-21 20:00:00,21,50,2,26,35,24,37,5
2024-03-22 20:00:00,31,22,5,35,34,28,25,9
2024-03-23 20:00:00,8,10,3,16,21,19,17,2
2024-03-24 20:00:00,19,13,2,30,39,30,36,8
2024-03-25 20:00:00,34,22,17,18,25,21,26,4
2024-03-26 20:00:00,27,63,16,45,48,36,36,16
2024-03-27 20:00:00,54,8,5,59,60,53,53,36
2024-03-28 20:00:00,16,19,4,41,51,37,41,22
2024-03-29 20:00:00,19,47,2,28,37,29,32,11
2024-03-30 20:00:00,31,70,14,62,64,53,57,41
2024-03-31 20:00:00,36,30,11,60,62,55,52,41
2024-04-01 20:00:00,11,47,21,47,53,38,36,20
2024-04-02 20:00:00,2,2,12,8,13,10,5,1
2024-04-03 20:00:00,3,9,16,12,19,10,14,4
2024-04-04 20:00:00,9,2,9,6,11,5,6,1
2024-04-05 20:00:00,16,4,5,6,10,6,6,0
2024-04-06 20:00:00,12,12,7,8,12,8,9,1
2024-04-07 20:00:00,13,8,9,38,51,23,37,10
2024-04-08 20:00:00,28,13,10,46,55,47,44,33
2024-04-09 20:00:00,47,34,27,63,71,60,60,54
2024-04-10 20:00:00,26,13,21,36,45,32,30,13
2024-04-11 20:00:00,26,6,,15,19,12,14,3
2024-04-12 20:00:00,22,1,,4,5,2,2,0
2024-04-13 20:00:00,13,26,,18,24,12,20,6
2024-04-14 20:00:00,118,17,,33,43,29,30,16
2024-04-15 20:00:00,61,15,,25,35,21,26,8
2024-04-16 20:00:00,30,13,,34,47,33,30,20
2024-04-17 20:00:00,40,20,,68,74,66,64,57
2024-04-18 20:00:00,15,10,,58,63,55,54,34
2024-04-19 20:00:00,28,12,,44,50,30,32,18
2024-04-20 20:00:00,38,6,,11,16,10,11,3
2024-04-21 20:00:00,39,6,11,25,31,19,24,4
2024-04-22 20:00:00,15,9,5,32,49,26,41,12
2024-04-23 20:00:00,39,19,11,25,33,23,23,9
2024-04-24 20:00:00,13,8,3,23,30,22,20,5
2024-04-25 20:00:00,9,11,8,18,21,17,16,3
2024-04-26 20:00:00,31,6,1,15,18,14,12,2
2024-04-27 20:00:00,30,26,10,53,83,52,46,34
2024-04-28 20:00:00,56,36,16,58,63,53,52,37
2024-04-29 20:00:00,57,30,16,60,64,55,55,40
2024-04-30 20:00:00,35,12,11,28,32,24,23,9
2024-05-01 20:00:00,35,16,13,43,55,38,39,27
2024-05-02 20:00:00,37,16,11,44,51,39,36,24
2024-05-03 20:00:00,25,7,3,15,19,16,12,1
2024-05-04 20:00:00,14,3,7,34,40,31,24,15
2024-05-05 20:00:00,31,12,12,65,67,49,54,33
2024-05-06 20:00:00,60,24,12,64,68,54,57,37
2024-05-07 20:00:00,41,19,14,48,56,44,47,31
2024-05-08 20:00:00,41,10,7,27,38,30,34,14
2024-05-09 20:00:00,69,5,7,21,28,18,17,7
2024-05-10 20:00:00,27,1,9,9,12,5,6,1
2024-05-11 20:00:00,25,3,4,15,22,11,13,1
2024-05-12 20:00:00,57,8,14,36,64,26,31,10
